pop,sample_size,groups,fstats,r2,pval
loc,3050,2,123.37048353968505,0.03890131543445108,9.99990000099999e-06
