pop,sample_size,groups,fstats,r2,pval
bmi,3050,4,5.012831805619285,0.00491287366668991,9.99990000099999e-06
