pop,sample_size,groups,fstats,r2,pval
sex,3050,2,19.72330703319911,0.006429297905707565,9.99990000099999e-06
