pop,sample_size,groups,fstats,r2,pval
age,3050,4,14.654834711606743,0.01422815830925872,9.99990000099999e-06
