pop,sample_size,groups,fstats,r2,pval
sex,4422,2,12.610898598333453,0.0028450272055959847,9.99990000099999e-06
