pop,sample_size,groups,fstats,r2,pval
bmi,4422,4,14.343398482258761,0.00964579784523667,9.99990000099999e-06
