pop,sample_size,groups,fstats,r2,pval
loc,4422,2,157.21406058121585,0.034347106886509327,9.99990000099999e-06
