pop,sample_size,groups,fstats,r2,pval
age,4422,4,32.240921214127134,0.02142385451024842,9.99990000099999e-06
