pop,sample_size,groups,fstats,r2,pval
bmi,4442,4,10.458474308351962,0.0070200911662332555,9.99990000099999e-06
