pop,sample_size,groups,fstats,r2,pval
age,4442,4,18.416644226700853,0.01229620731272063,9.99990000099999e-06
