pop,sample_size,groups,fstats,r2,pval
loc,4442,2,116.24396408275418,0.025513112335317056,9.99990000099999e-06
