pop,sample_size,groups,fstats,r2,pval
sex,4442,2,3.2154508058639433,0.0007236765449403215,9.99990000099999e-06
