pop,sample_size,groups,fstats,r2,pval
sex,3050,2,10.362855167542314,0.0033883668022034463,9.99990000099999e-06
