pop,sample_size,groups,fstats,r2,pval
loc,3050,2,60.24422912700119,0.019382077046088964,9.99990000099999e-06
