pop,sample_size,groups,fstats,r2,pval
bmi,3050,4,2.390769849092588,0.002349133563425032,9.99990000099999e-06
