pop,sample_size,groups,fstats,r2,pval
age,3050,4,6.510024291992725,0.006370863247691316,9.99990000099999e-06
